<protounitsounddef>
	<protounit name="Calgoaltense">
		<soundtype name="Select">
			<variationlogic>
				<choice name="0">
					<soundset name="DEIncaVillagerMaleSelect">
					</soundset>
				</choice>
				<choice name="1">
					<soundset name="DEIncaVillagerFemaleSelect">
					</soundset>
				</choice>
			</variationlogic>
		</soundtype>
		<soundtype name="Grunt">
			<variationlogic>
				<choice name="0">
					<soundset name="GenericMaleGrunt">
					</soundset>
				</choice>
				<choice name="1">
					<soundset name="GenericFemaleGrunt">
					</soundset>
				</choice>
			</variationlogic>
		</soundtype>
		<soundtype name="Death">
			<variationlogic>
				<choice name="0">
					<soundset name="GenericMaleDeath">
					</soundset>
				</choice>
				<choice name="1">
					<soundset name="GenericFemaleDeath">
					</soundset>
				</choice>
			</variationlogic>
		</soundtype>
		<soundtype name="Creation">
			<soundset name="SettlerBirth"></soundset>
		</soundtype>
		<soundtype name="Acknowledge">
			<variationlogic>
				<choice name="0">
					<targetlogic>
						<choice name="default">
							<soundset name="DEIncaVillagerMaleAcknowledge"></soundset>
						</choice>
						<choice name="enemy">
							<soundset name="DEIncaVillagerMaleAttack"></soundset>
						</choice>
						<choice name="build">
							<soundset name="DEIncaVillagerMaleBuild"></soundset>
						</choice>
						<choice name="Huntable">
							<soundset name="DEIncaVillagerMaleGatherMeat"></soundset>
						</choice>
						<choice name="Tree">
							<soundset name="DEIncaVillagerMaleGatherWood"></soundset>
						</choice>
						<choice name="AbstractMine">
							<soundset name="DEIncaVillagerMaleGatherCoin"></soundset>
						</choice>
						<choice name="AbstractFarm">
							<soundset name="DEIncaVillagerMaleGatherFarm"></soundset>
						</choice>
						<choice name="AbstractResourceCrate">
							<soundset name="DEIncaVillagerMaleAcknowledge"></soundset>
						</choice>
						<choice name="AbstractFruit">
							<soundset name="DEIncaVillagerMaleGatherFruit"></soundset>
						</choice>
						<choice name="Plantation">
							<soundset name="DEIncaVillagerMaleGatherPlantation"></soundset>
						</choice>
					</targetlogic>
				</choice>
				<choice name="1">
					<targetlogic>
						<choice name="default">
							<soundset name="DEIncaVillagerFemaleAcknowledge"></soundset>
						</choice>
						<choice name="enemy">
							<soundset name="DEIncaVillagerFemaleAttack"></soundset>
						</choice>
						<choice name="build">
							<soundset name="DEIncaVillagerFemaleBuild"></soundset>
						</choice>
						<choice name="Huntable">
							<soundset name="DEIncaVillagerFemaleGatherMeat"></soundset>
						</choice>
						<choice name="Tree">
							<soundset name="DEIncaVillagerFemaleGatherWood"></soundset>
						</choice>
						<choice name="AbstractMine">
							<soundset name="DEIncaVillagerFemaleGatherCoin"></soundset>
						</choice>
						<choice name="AbstractFarm">
							<soundset name="DEIncaVillagerFemaleGatherFarm"></soundset>
						</choice>
						<choice name="AbstractResourceCrate">
							<soundset name="DEIncaVillagerFemaleAcknowledge"></soundset>
						</choice>
						<choice name="AbstractFruit">
							<soundset name="DEIncaVillagerFemaleGatherFruit"></soundset>
						</choice>
						<choice name="Plantation">
							<soundset name="DEIncaVillagerFemaleGatherPlantation"></soundset>
						</choice>
					</targetlogic>
				</choice>
			</variationlogic>
		</soundtype>
	</protounit>
</protounitsounddef>