<civmods>
  <subcivalliancecost>
    <gold>0</gold>
  </subcivalliancecost>
  <subcivalliancecostfactor>2.0</subcivalliancecostfactor>
  <maxdecksize>35</maxdecksize>
   
  <civ>
 <name>Gongondios</name>
    <main>1</main>
    <statsid>BR</statsid>
    <portrait>objects\flags\gongondios</portrait>
    <culture>WesternEurope</culture>
    <settlerprotoname>Settler</settlerprotoname>
    <displaynameid>300002</displaynameid>
    <rollovernameid>26060</rollovernameid>
    <alliedid>26446</alliedid>
    <alliedotherid>26445</alliedotherid>
    <unalliedid>26444</unalliedid>
    <agetech>
      <age>Age0</age>
      <tech>Age0Gons</tech>
    </agetech>
    <agetech>
      <age>Age1</age>
      <tech>ColonializeBritish</tech>
    </agetech>
    <agetech>
      <age>Age2</age>
      <tech>FortressizeBritish</tech>
    </agetech>
    <agetech>
      <age>Age3</age>
      <tech>IndustrializeBritish</tech>
    </agetech>
    <agetech>
      <age>Age4</age>
      <tech>ImperializeBritish</tech>
    </agetech>
    <postindustrialtech>PostIndustrialBritish</postindustrialtech>
    <postimperialtech>PostImperialBritish</postimperialtech>
    <deathmatchtech>DEDeathMatch</deathmatchtech>
    <treatytech>DETreatyShadow</treatytech>
    <buildingefficiency>0.3</buildingefficiency>
    <gold>0</gold>
    <food>0</food>
    <wood>0</wood>
    <startingunit>Explorer</startingunit>
    <townstartingunit>Gonsettler</townstartingunit>
    <townstartingunit>Gonsettler</townstartingunit>
    <townstartingunit>Gonsettler</townstartingunit>
    <townstartingunit>Gonsettler</townstartingunit>
    <townstartingunit>Gonsettler</townstartingunit>
    <townstartingunit>Cagoaltense</townstartingunit>
    <townstartingunit>CrateofFood</townstartingunit>
    <townstartingunit>CrateofFood</townstartingunit>
    <townstartingunit>CrateofFood</townstartingunit>
    <townstartingunit>CrateofWood</townstartingunit>
    <townstartingunit>CrateofWood</townstartingunit>
    <townstartingunit>CrateofWood</townstartingunit>
    <randomstartingunits>0</randomstartingunits>
    <homecityfilename>homecitygongonjagg.xml</homecityfilename>
    <homecityflagtexture>objects\flags\gongondios</homecityflagtexture>
    <homecityflagiconwpf>resources/images/icons/flags/Flag_Gongondios.png</homecityflagiconwpf>
    <homecitypreviewwpf>resources/images/icons/history/histories/h_pc_gongondios.png</homecitypreviewwpf>
    <homecityflagbuttonwpf>resources\images\icons\flags\flag_hc_gongondios.png</homecityflagbuttonwpf>
    <homecityflagbuttonset>britishFlagBtn</homecityflagbuttonset>
    <homecityflagbuttonsetlarge>britishFlagBtnLarge</homecityflagbuttonsetlarge>
    <postgameflagtexture>ui\ingame\ingame_ui_postgame_flag_gongondios</postgameflagtexture>
    <postgameflagiconwpf>resources/images/icons/flags/postgame_flag_gongondios.png</postgameflagiconwpf>
    <matchmakingtextures>
      <bannertexture>ui\eso\civ_flags_quick_launch</bannertexture>
      <bannertexturecoords>0 0.75 0.78125 0.875</bannertexturecoords>
      <portraittexture>ui\eso\eso_quick_search_politicians_02</portraittexture>
      <portraittexturecoords>0.4375 0.00390625 0.830078125 0.392578125</portraittexturecoords>
      <smallportraittexture>ui\singleplayer\cpai_avatar_british</smallportraittexture>
      <smallportraittexturecoords>0 0 1 1</smallportraittexturecoords>
    </matchmakingtextures>
    <unitregen>
      <unittype>Hero</unittype>
      <rate>0.25</rate>
      <idletimeout>3.5</idletimeout>
    </unitregen>
    <unitregen>
      <unittype>Minuteman</unittype>
      <rate>-2.0</rate>
    </unitregen>
    <multipleblocktrain>
      <building>TownCenter</building>
      <multipleblockunit>deFedBisonBatch</multipleblockunit>
      <units>
        <unit>Bison</unit>
      </units>
      <unitcounts>
        <count>6</count>
      </unitcounts>
    </multipleblocktrain>
  </civ>
  
  
</civmods>