<techtreemods>

<tech name="Age0Gons" type="Normal">
    <dbid>9000</dbid>
    <status>UNOBTAINABLE</status>
    <flag>Shadow</flag>
    <effects>
      <effect type="Data" amount="1.00" subtype="Enable" relativity="Absolute">
        <target type="ProtoUnit">Explorer</target>
      </effect>
      <effect type="Data" amount="1.00" subtype="Enable" relativity="Absolute">
        <target type="ProtoUnit">TownCenter</target>
      </effect>
	  <effect type="Data" amount="1.00" subtype="Enable" relativity="Absolute">
        <target type="ProtoUnit">Cagoaltense</target>
      </effect>
	  
      <effect type="Data" amount="1.00" subtype="Enable" relativity="Absolute">
        <target type="ProtoUnit">Boneguard</target>
        </effect>
        <effect type="Data" amount="1.00" subtype="Enable" relativity="Absolute">
        <target type="ProtoUnit">Skirmisher</target>
      </effect>
      <effect type="Data" amount="1.00" subtype="Enable" relativity="Absolute">
        <target type="ProtoUnit">Hussar</target>
      </effect>
      <effect type="Data" amount="1.00" subtype="Enable" relativity="Absolute">
        <target type="ProtoUnit">ypMahout</target>
      </effect>
      <effect type="Data" amount="1.00" subtype="Enable" relativity="Absolute">
        <target type="ProtoUnit">ypHowdah</target>
      </effect>
	  <effect type="Data" amount="1.00" subtype="AddTrain" unittype="ypMahout" relativity="Absolute">
        <target type="ProtoUnit">Stable</target>
		</effect>

<effect type="Data" amount="1.00" subtype="AddTrain" unittype="ypHowdah" relativity="Absolute">
        <target type="ProtoUnit">Stable</target>
		</effect>
		
	  
      <effect type="Data" amount="1.00" subtype="Enable" relativity="Absolute">
        <target type="ProtoUnit">ypSowar</target>
      </effect>
	  <effect type="Data" amount="1.00" subtype="AddTrain" unittype="ypSowar" relativity="Absolute">
        <target type="ProtoUnit">Stable</target>
		</effect>
	  <effect type="Data" amount="1.00" subtype="Enable" relativity="Absolute">
        <target type="ProtoUnit">CavalryArcher</target>
      </effect>
	  
	  
      <effect type="Data" amount="1.00" subtype="Enable" relativity="Absolute">
        <target type="ProtoUnit">ypZamburak</target>
      </effect>
	  <effect type="Data" amount="1.00" subtype="AddTrain" unittype="ypZamburak" relativity="Absolute">
        <target type="ProtoUnit">Stable</target>
		</effect>
	  
	  <effect type="Data" amount="1.00" subtype="Enable" relativity="Absolute">
        <target type="ProtoUnit">Miner</target>
      </effect>
	  <effect type="Data" amount="1.00" subtype="AddTrain" unittype="Miner" relativity="Absolute">
        <target type="ProtoUnit">TownCenter</target>
		</effect>
				
      <effect type="TechStatus" status="obtainable">GuardPikemen</effect>
      <effect type="TechStatus" status="obtainable">GuardSkirmishers</effect>
      <effect type="TechStatus" status="obtainable">ImperialPikemen</effect>
      <effect type="TechStatus" status="obtainable">ImperialSkirmishers</effect>
      <effect type="TechStatus" status="obtainable">RGRedcoats</effect>
      <effect type="TechStatus" status="active">AAStandardStartingTechs</effect>
      <effect type="TechStatus" status="active">DEEuropeanStandardTechs</effect>
      <effect type="TechStatus" status="active">DEGrenadierEnable</effect>
      <effect type="SetName" tech="DEHCHandMortar" newname="91787" newrollover="91786">
      </effect>
       <effect type="TechStatus" status="obtainable">VeteranHussars</effect>
      <effect type="TechStatus" status="obtainable">ChurchStandingArmy</effect>
      <effect type="TechStatus" status="obtainable">ChurchThinRedLine</effect>
      <effect type="Data" amount="1.00" subtype="Enable" relativity="Absolute">
        <target type="ProtoUnit">Sheep</target>
      </effect>
	  <effect type="Data" amount="1.00" subtype="Enable" relativity="Absolute">
        <target type="ProtoUnit">Llama</target>
      </effect>
	  <effect type="Data" amount="1.00" subtype="AddTrain" unittype="Llama" relativity="Absolute">
        <target type="ProtoUnit">LivestockPen</target>
		</effect>
		<effect type="Data" amount="1.00" subtype="Enable" relativity="Absolute">
        <target type="ProtoUnit">ypGoat</target>
      </effect>
	  <effect type="Data" amount="1.00" subtype="AddTrain" unittype="ypGoat" relativity="Absolute">
        <target type="ProtoUnit">LivestockPen</target>
		</effect>
		<effect type="Data" amount="1.00" subtype="Enable" relativity="Absolute">
        <target type="ProtoUnit">ypWaterBuffalo</target>
      </effect>
	  <effect type="Data" amount="1.00" subtype="AddTrain" unittype="ypWaterBuffalo" relativity="Absolute">
        <target type="ProtoUnit">LivestockPen</target>
		</effect>
		
		
      <effect type="TechStatus" status="obtainable">RGLifeGuardHussars</effect>
      <effect type="Data" amount="1.00" subtype="Enable" relativity="Absolute">
        <target type="ProtoUnit">Mill</target>
      </effect>
      <effect type="TechStatus" status="obtainable">VeteranMusketeers</effect>
      <effect type="Data" amount="1.00" subtype="Enable" relativity="Absolute">
        <target type="ProtoUnit">Musketeer</target>
      </effect>
      <effect type="Data" amount="1.00" subtype="Enable" relativity="Absolute">
        <target type="ProtoUnit">House</target>
      </effect>
	  <effect type="Data" amount="1.00" subtype="Enable" relativity="Absolute">
        <target type="ProtoUnit">Bank</target>
      </effect>
      <effect type="Data" amount="1.00" subtype="Enable" relativity="Absolute">
        <target type="ProtoUnit">Gonsettler</target>
      </effect>
      <effect type="TechStatus" status="obtainable">GuardDragoons</effect>
      <effect type="TechStatus" status="obtainable">VeteranPikemen</effect>
      <effect type="TechStatus" status="obtainable">VeteranCrossbowmen</effect>
      <effect type="TechStatus" status="obtainable">ImperialCrossbowmen</effect>
      <effect type="TechStatus" status="obtainable">GuardCrossbowmen</effect>
      <effect type="TechStatus" status="obtainable">ImperialDragoons</effect>
      <effect type="TechStatus" status="obtainable">ImperialRedcoat</effect>
      <effect type="TechStatus" status="obtainable">ImperialLifeGuard</effect>
      <effect type="TechStatus" status="obtainable">YPHonoredHowdah</effect>
      <effect type="TechStatus" status="obtainable">YPDisciplinedCamel</effect>
      <effect type="TechStatus" status="obtainable">YPHonoredCamel</effect>
      <effect type="TechStatus" status="obtainable">YPExaltedCamel</effect>
      <effect type="TechStatus" status="obtainable">YPDisciplinedCamelGun</effect>
	  <effect type="TechStatus" status="obtainable">YPHonoredCamelGun</effect>
	  <effect type="TechStatus" status="obtainable">YPExaltedCamelGun</effect>
      <effect type="TechStatus" status="obtainable">YPHonoredHowdah</effect>
      <effect type="TechStatus" status="obtainable">YPExaltedHowdah</effect>
	  <effect type="TechStatus" status="obtainable">YPHonoredMahout</effect>
      <effect type="TechStatus" status="obtainable">YPExaltedMahout</effect>
	  <effect type="TechStatus" status="obtainable">YPHonoredSiegeElephant</effect>
      <effect type="TechStatus" status="obtainable">YPExaltedSiegeElephant</effect>
	  <effect type="TechStatus" status="obtainable">YPExaltedFlailElephant</effect>
      <effect type="TechStatus" status="obtainable">YPHonoredFlailElephant</effect>
       <effect type="SetName" proto="Boneguard" newname="300005">
      </effect>
	   <effect type="Data" amount="1.00" subtype="Enable" relativity="Absolute">
        <target type="ProtoUnit">Capitol</target>
      </effect>
      <effect type="Data" amount="1.00" subtype="Enable" relativity="Absolute">
        <target type="ProtoUnit">Falconet</target>
      </effect>
      <effect type="Data" amount="1.00" subtype="Enable" relativity="Absolute">
        <target type="ProtoUnit">ArtilleryDepot</target>
      </effect>
      <effect type="Data" amount="1.00" subtype="Enable" relativity="Absolute">
        <target type="ProtoUnit">Stable</target>
      </effect>
      <effect type="Data" amount="1.00" subtype="Enable" relativity="Absolute">
        <target type="ProtoUnit">ypSiegeElephant</target>
      </effect>
      <effect type="Data" amount="1.00" subtype="Enable" relativity="Absolute">
        <target type="ProtoUnit">ypMercFlailiphant</target>
      </effect>
      <effect type="Data" amount="1.00" subtype="Enable" relativity="Absolute">
        <target type="ProtoUnit">ypCastle</target>
      </effect>
      <effect type="Data" amount="1.00" subtype="Enable" relativity="Absolute">
        <target type="ProtoUnit">Barracks</target>
      </effect>
      <effect type="TechStatus" status="obtainable">ChurchBlackWatch</effect>
      <effect type="Data" amount="1.00" subtype="Enable" relativity="Absolute">
        <target type="ProtoUnit">Plantation</target>
      </effect>
      <effect type="Data" amount="1.00" subtype="Enable" relativity="Absolute">
        <target type="ProtoUnit">TradingPost</target>
      </effect>
      <effect type="Data" amount="1.00" subtype="Enable" relativity="Absolute">
        <target type="ProtoUnit">Outpost</target>
      </effect>
      <effect type="Data" amount="1.00" subtype="Enable" relativity="Absolute">
        <target type="ProtoUnit">Dock</target>
      </effect>
      <effect type="TechStatus" status="active">XPTrickle</effect>
      <effect type="Data" amount="1.00" subtype="Enable" relativity="Absolute">
        <target type="ProtoUnit">Market</target>
      </effect>
      <effect type="TechStatus" status="obtainable">ChurchRogersRangers</effect>
      <effect type="Data" amount="1.00" subtype="Enable" relativity="Absolute">
        <target type="ProtoUnit">Arsenal</target>
      </effect>
      <effect type="Data" amount="1.00" subtype="Enable" relativity="Absolute">
        <target type="ProtoUnit">CWallGate</target>
      </effect>
      <effect type="Data" amount="1.00" subtype="Enable" relativity="Absolute">
        <target type="ProtoUnit">LivestockPen</target>
      </effect>
      <effect type="Data" amount="1.00" subtype="Enable" relativity="Absolute">
        <target type="ProtoUnit">WallStraight5</target>
      </effect>
      <effect type="Data" amount="1.00" subtype="Enable" relativity="Absolute">
        <target type="ProtoUnit">WallConnector</target>
      </effect>
      <effect type="Data" amount="1.00" subtype="Enable" relativity="Absolute">
        <target type="ProtoUnit">WallStraight2</target>
      </effect>
      <effect type="Data" amount="1.00" subtype="Enable" relativity="Absolute">
        <target type="ProtoUnit">Pikeman</target>
      </effect>
      <effect type="Data" amount="1.00" subtype="Enable" relativity="Absolute">
        <target type="ProtoUnit">Crossbowman</target>
      </effect>
      <effect type="Data" amount="1.00" subtype="Enable" relativity="Absolute">
        <target type="ProtoUnit">Church</target>
	      </effect>
		  <effect type="SetName" proto="Church" newname="300006">
      </effect>
		  <effect type="Data" amount="1.00" subtype="Enable" relativity="Absolute">
        <target type="ProtoUnit">dePriestess</target>
      </effect>
      <effect type="Data" amount="1.00" subtype="AddTrain" unittype="dePriestess" relativity="Absolute">
        <target type="ProtoUnit">Church</target>
		</effect>

<effect type="Data" amount="1.00" subtype="Enable" relativity="Absolute">
        <target type="ProtoUnit">Surgeon</target>
      </effect>

<effect type="Data" amount="1.00" subtype="AddTrain" unittype="Surgeon" relativity="Absolute">
        <target type="ProtoUnit">Church</target>
		</effect>
      <effect type="Data" amount="1.00" subtype="Enable" relativity="Absolute">
        <target type="ProtoUnit">FieldHospital</target>
      </effect>
      <effect type="Data" amount="1.00" subtype="Enable" relativity="Absolute">
        <target type="ProtoUnit">FishingBoat</target>
      </effect>
      <effect type="Data" amount="1.00" subtype="Enable" relativity="Absolute">
        <target type="ProtoUnit">Priest</target>
		</effect>
		<effect type="Data" amount="1.00" subtype="Enable" relativity="Absolute">
        <target type="ProtoUnit">Culverin</target>
      </effect>
      <effect type="Data" amount="1.00" subtype="Enable" relativity="Absolute">
        <target type="ProtoUnit">Mortar</target>
      </effect>
      <effect type="Data" amount="1.00" subtype="Enable" relativity="Absolute">
        <target type="ProtoUnit">Dragoon</target>
      </effect>
      <effect type="Data" amount="1.00" subtype="Enable" relativity="Absolute">
        <target type="ProtoUnit">Monitor</target>
      </effect>
      <effect type="Data" amount="1.00" subtype="Enable" relativity="Absolute">
        <target type="ProtoUnit">Frigate</target>
      </effect>
      <effect type="Data" amount="1.00" subtype="Enable" relativity="Absolute">
        <target type="ProtoUnit">Galleon</target>
      </effect>
      <effect type="Data" amount="1.00" subtype="Enable" relativity="Absolute">
        <target type="ProtoUnit">Caravel</target>
      </effect>
	  <effect type="Data" amount="1.00" subtype="Enable" relativity="Absolute">
        <target type="ProtoUnit">deMercBattleship</target>
      </effect>
	  <effect type="Data" amount="1.00" subtype="AddTrain" unittype="deMercBattleship" relativity="Absolute">
        <target type="ProtoUnit">Dock</target>
		</effect>
	  <effect type="Data" amount="1.00" subtype="Enable" relativity="Absolute">
        <target type="ProtoUnit">deSteamer</target>
      </effect>
	  
      <effect type="TechStatus" status="obtainable">Bayonet</effect>
      <effect type="TechStatus" status="active">Levy</effect>
      
	  <effect type="Data" amount="1.00" subtype="Enable" relativity="Absolute">
        <target type="ProtoUnit">Factory</target>
      </effect>
	  <effect type="Data" action="SpawnRocket" amount="1.00" subtype="ActionEnable" relativity="Absolute">
        <target type="ProtoUnit">Factory</target>
      </effect>
      <effect type="TechStatus" status="obtainable">ImperialRocket</effect>
      <effect type="TechStatus" status="obtainable">ImperialFieldGun</effect>
      <effect type="TechStatus" status="obtainable">FieldGun</effect>
      <effect type="TechStatus" status="obtainable">VeteranDragoonsShadow</effect>
      <effect type="TechStatus" status="obtainable">ImperialManOWar</effect>
      <effect type="TechStatus" status="obtainable">ImperialMonitors</effect>
      <effect type="Data" amount="1.00" subtype="Enable" relativity="Absolute">
        <target type="ProtoUnit">deTavern</target>
      </effect>
     
      <effect type="Data" amount="1.00" subtype="Enable" relativity="Absolute">
        <target type="ProtoUnit">xpPetard</target>
      </effect>
      <effect type="TechStatus" status="obtainable">IncendiaryGrenades</effect>
      <effect type="TechStatus" status="obtainable">ImperialHorseArtillery</effect>
      <effect type="TechStatus" status="obtainable">HeavyHorseArtillery</effect>
      <effect type="Data" amount="1.00" subtype="Enable" relativity="Absolute">
        <target type="ProtoUnit">xpHorseArtillery</target>
      </effect>
      <effect type="Data" amount="1.00" subtype="Enable" relativity="Absolute">
        <target type="ProtoUnit">xpSpy</target>
	
		
      </effect>
      <effect type="TechStatus" status="obtainable">ShipHowitzers</effect>
      <effect type="TechStatus" status="obtainable">PoliticianGovernor</effect>
      <effect type="TechStatus" status="obtainable">DEPoliticianLogisticianColonialBritish</effect>
      <effect type="TechStatus" status="obtainable">UnlockPoliticianPhilosopherPrinceBritish</effect>
      <effect type="TechStatus" status="obtainable">PoliticianNaturalist</effect>
      <effect type="TechStatus" status="obtainable">DEPoliticianInventorColonial</effect>
      <effect type="TechStatus" status="obtainable">PoliticianAdmiral</effect>
      <effect type="TechStatus" status="obtainable">UnlockPoliticianMohawkStatesmanBritish</effect>
      <effect type="TechStatus" status="obtainable">PoliticianAdventurerBritish</effect>
      <effect type="TechStatus" status="obtainable">PoliticianBishopFortress</effect>
      <effect type="TechStatus" status="obtainable">DEPoliticianMercContractorFortressBritish</effect>
      <effect type="TechStatus" status="obtainable">UnlockPoliticianEngineerBritish</effect>
      <effect type="TechStatus" status="obtainable">PoliticianTycoon</effect>
      <effect type="TechStatus" status="obtainable">PoliticianViceroyBritish</effect>
      <effect type="TechStatus" status="obtainable">UnlockPoliticianKingsMusketeerBritish</effect>
      <effect type="TechStatus" status="obtainable">DEPoliticianLogistician</effect>
      <effect type="TechStatus" status="obtainable">PoliticianPresidente</effect>
      <effect type="TechStatus" status="obtainable">PoliticianGeneralBritish</effect>
      <effect type="TechStatus" status="obtainable">DEPoliticianMercContractor</effect>
      <effect type="TechStatus" status="obtainable">DEPoliticianKnight</effect>
      <effect type="TechStatus" status="obtainable">DEPoliticianInventor</effect>
	  </effects>
		
	  </tech>
  
     <tech name="GonDisciplinedCamelChairo" type="Normal">
    <dbid>9001</dbid>
    <displaynameid>300005</displaynameid>
    <cost resourcetype="Wood">200.0000</cost>
    <cost resourcetype="Gold">100.0000</cost>
    <researchpoints>30.0000</researchpoints>
    <status>UNOBTAINABLE</status>
    <icon>resources\images\icons\techs\asians\disciplined_cavalry.png</icon>
    <rollovertextid>60462</rollovertextid>
    <flag>UpgradeTech</flag>
    <flag>CountsTowardMilitaryScore</flag>
    <prereqs>
      <techstatus status="Active">Fortressize</techstatus>
    </prereqs>
    <effects>
      <effect type="Data" amount="1.20" subtype="Damage" allactions="1" relativity="BasePercent">
        <target type="ProtoUnit">AbstractSowar</target>
      </effect>
      <effect type="Data" amount="1.20" subtype="Hitpoints" relativity="BasePercent">
        <target type="ProtoUnit">AbstractSowar</target>
      </effect>
      <effect type="SetName" proto="GonSowar" culture="none" newname="300006">
      </effect>
    </effects>
  </tech>
  <tech name="GonDisciplinedCamelGun" type="Normal">
    <dbid>9002</dbid>
    <displaynameid>300010</displaynameid>
    <cost resourcetype="Wood">200.0000</cost>
    <cost resourcetype="Gold">100.0000</cost>
    <researchpoints>30.0000</researchpoints>
    <status>UNOBTAINABLE</status>
    <icon>resources\images\icons\techs\asians\disciplined_cavalry.png</icon>
    <rollovertextid>60468</rollovertextid>
    <flag>UpgradeTech</flag>
    <flag>CountsTowardMilitaryScore</flag>
    <prereqs>
      <techstatus status="Active">Fortressize</techstatus>
    </prereqs>
    <effects>
      <effect type="Data" amount="1.20" subtype="Damage" allactions="1" relativity="BasePercent">
        <target type="ProtoUnit">AbstractZamburak</target>
      </effect>
      <effect type="Data" amount="1.20" subtype="Hitpoints" relativity="BasePercent">
        <target type="ProtoUnit">AbstractZamburak</target>
      </effect>
      <effect type="SetName" proto="GonZamburak" culture="none" newname="300019">
      </effect>
      <effect type="Data" amount="1.25" subtype="DamageBonus" unittype="AbstractArtillery" allactions="1" relativity="Absolute">
        <target type="ProtoUnit">GonZamburak</target>
      </effect>
      <effect type="Data" amount="1.25" subtype="DamageBonus" unittype="AbstractArtillery" allactions="1" relativity="Absolute">
        <target type="ProtoUnit">ypZamburakMansabdar</target>
      </effect>
    </effects>
  </tech>
  
  
    
  <tech name="GonHonoredCamelChairo" type="Normal">
    <dbid>9004</dbid>
    <displaynameid>300006</displaynameid>
    <cost resourcetype="Wood">600.0000</cost>
    <cost resourcetype="Gold">600.0000</cost>
    <researchpoints>30.0000</researchpoints>
    <status>UNOBTAINABLE</status>
    <icon>resources\images\icons\techs\asians\honored_cavalry.png</icon>
    <rollovertextid>60494</rollovertextid>
    <flag>UpgradeTech</flag>
    <flag>CountsTowardMilitaryScore</flag>
    <prereqs>
      <techstatus status="Active">Industrialize</techstatus>
      <techstatus status="Active">GondisciplinedCamelChairo</techstatus>
    </prereqs>
    <effects>
      <effect type="SetName" proto="ypSowar" culture="none" newname="300018">
      </effect>
      <effect type="Data" amount="1.30" subtype="Damage" allactions="1" relativity="BasePercent">
        <target type="ProtoUnit">AbstractSowar</target>
      </effect>
      <effect type="Data" amount="1.30" subtype="Hitpoints" relativity="BasePercent">
        <target type="ProtoUnit">AbstractSowar</target>
      </effect>
    </effects>
  </tech>
   <tech name="GonExaltedCamelChairo" type="Normal">
    <dbid>9005</dbid>
    <displaynameid>300011</displaynameid>
    <cost resourcetype="Wood">1500.0000</cost>
    <cost resourcetype="Gold">1500.0000</cost>
    <researchpoints>30.0000</researchpoints>
    <status>UNOBTAINABLE</status>
    <icon>resources\images\icons\techs\asians\exalted_cavalry.png</icon>
    <rollovertextid>60514</rollovertextid>
    <flag>UpgradeTech</flag>
    <flag>CountsTowardMilitaryScore</flag>
    <prereqs>
      <techstatus status="Active">Imperialize</techstatus>
      <techstatus status="Active">GonHonoredCamelChairo</techstatus>
    </prereqs>
    <effects>
      <effect type="SetName" proto="ypSowar" culture="none" newname="300015">
      </effect>
      <effect type="Data" amount="1.50" subtype="Hitpoints" relativity="BasePercent">
        <target type="ProtoUnit">AbstractSowar</target>
      </effect>
      <effect type="Data" amount="1.50" subtype="Damage" allactions="1" relativity="BasePercent">
        <target type="ProtoUnit">AbstractSowar</target>
      </effect>
    </effects>
  </tech>
  <tech name="GonHonoredCamelGun" type="Normal">
    <dbid>9006</dbid>
    <displaynameid>300012</displaynameid>
    <cost resourcetype="Wood">600.0000</cost>
    <cost resourcetype="Gold">600.0000</cost>
    <researchpoints>30.0000</researchpoints>
    <status>UNOBTAINABLE</status>
    <icon>resources\images\icons\techs\asians\honored_cavalry.png</icon>
    <rollovertextid>60498</rollovertextid>
    <flag>UpgradeTech</flag>
    <flag>CountsTowardMilitaryScore</flag>
    <prereqs>
      <techstatus status="Active">GonDisciplinedCamelGun</techstatus>
      <techstatus status="Active">Industrialize</techstatus>
    </prereqs>
    <effects>
      <effect type="SetName" proto="ypZamburak" culture="none" newname="300016">
      </effect>
      <effect type="Data" amount="1.30" subtype="Damage" allactions="1" relativity="BasePercent">
        <target type="ProtoUnit">AbstractZamburak</target>
      </effect>
      <effect type="Data" amount="1.30" subtype="Hitpoints" relativity="BasePercent">
        <target type="ProtoUnit">AbstractZamburak</target>
      </effect>
    </effects>
  </tech>
  <tech name="GonExaltedCamelGun" type="Normal">
    <dbid>9007</dbid>
    <displaynameid>300013</displaynameid>
    <cost resourcetype="Wood">1500.0000</cost>
    <cost resourcetype="Gold">1500.0000</cost>
    <researchpoints>30.0000</researchpoints>
    <status>UNOBTAINABLE</status>
    <icon>resources\images\icons\techs\asians\exalted_cavalry.png</icon>
    <rollovertextid>60518</rollovertextid>
    <flag>UpgradeTech</flag>
    <flag>CountsTowardMilitaryScore</flag>
    <prereqs>
      <techstatus status="Active">GonHonoredCamelGun</techstatus>
      <techstatus status="Active">Imperialize</techstatus>
    </prereqs>
    <effects>
      <effect type="SetName" proto="ypZamburak" culture="none" newname="300017">
      </effect>
      <effect type="Data" amount="1.50" subtype="Hitpoints" relativity="BasePercent">
        <target type="ProtoUnit">AbstractZamburak</target>
      </effect>
      <effect type="Data" amount="1.50" subtype="Damage" allactions="1" relativity="BasePercent">
        <target type="ProtoUnit">AbstractZamburak</target>
      </effect>
    </effects>
  </tech>
</techtreemods>